{
  "red": {
    "0": {
      "pos": [[0.0, -0.0, 0.0, 0.0]],
      "hand": [1.0, 1.0, 1.0, 1.0, 1.0, 1.0],
      "open_after_reaching": false
    },
    "1": {
      "pos": [[0.136, 0.717, 0.28200000000000003, 0.0]],
      "hand": [0.3, 1.0, 1.0, 1.0, 1.0, 1.0],
      "open_after_reaching": true
    },
    "2": {
      "pos": [[0.41, 0.566, 0.483, 0.0]],
      "hand": [1.0, 0.3, 1.0, 1.0, 1.0, 1.0],
      "open_after_reaching": true
    },
    "3": {
      "pos": [[0.41, 0.361, 0.526, 0.0]],
      "hand": [1.0, 1.0, 1.0, 0.5, 1.0, 1.0],
      "open_after_reaching": true
    },
    "4": {
      "pos": [[0.415, 0.178, 0.553, 0.0]],
      "hand": [1.0, 1.0, 0.5, 1.0, 1.0, 0.5],
      "open_after_reaching": true
    },
    "5": {
      "pos": [[0.174, 0.025, 0.555, 0.0]],
      "hand": [1.0, 1.0, 1.0, 1.0, 0.5, 1.0],
      "open_after_reaching": true
    },
    "6": {
      "pos": [[0.145, -0.16, 0.44600000000000006, 0.0]],
      "hand": [0.3, 1.0, 1.0, 1.0, 1.0, 0.3],
      "open_after_reaching": true
    },
    "7": {
      "pos": [[0.145, -0.33, 0.45000000000000007, 0.0]],
      "hand": [1.0, 1.0, 1.0, 0.3, 1.0, 1.0],
      "open_after_reaching": true
    },
    "8": {
      "pos": [[0.46, -0.5, 0.46499999999999997, 0.0]],
      "hand": [1.0, 0.5, 1.0, 1.0, 0.5, 1.0],
      "open_after_reaching": true
    },
    "9": {
      "pos": [[0.344, -0.66, 0.41400000000000003, 0.0]],
      "hand": [1.0, 1.0, 0.5, 1.0, 1.0, 1.0],
      "open_after_reaching": true
    },
    "10": {
      "pos": [[0.177, -0.835, 0.43500000000000005, 0.0]],
      "hand": [0.5, 1.0, 1.0, 1.0, 1.0, 0.5],
      "open_after_reaching": true
    },
    "11": {
      "pos": [[0.177, -0.978, 0.482, 0.0]],
      "hand": [1.0, 1.0, 1.0, 0.5, 1.0, 1.0],
      "open_after_reaching": true
    },
    "12": {
      "pos": [
        [-0.004, 0.632, 0.962, 0.0],
        [1.01, 0.632, 0.973, 0.0]
      ],
      "hand": [0.0, 0.0, 0.0, 0.0, 0.0, 0.0],
      "open_after_reaching": true
    },
    "13": {
      "pos": [
        [-0.02, -0.367, 0.958, 0.0],
        [1.017, -0.367, 0.958, 0.0]
      ],
      "hand": [0.0, 0.0, 0.0, 0.0, 0.0, 0.0],
      "open_after_reaching": true
    },
    "14": {
      "pos": [[-0.025, 0.926, -0.184, 0.0]],
      "hand": [0.7, 0.7, 0.7, 0.7, 0.7, 0.7],
      "open_after_reaching": false
    },
    "15": {
      "pos": [[0.0, 0.958, -0.542, 0.0]],
      "hand": [0.7, 0.7, 0.7, 0.7, 0.7, 0.7],
      "open_after_reaching": false
    },
    "16": {
      "pos": [[0.0, 0.949, -0.883, 0.0]],
      "hand": [0.7, 0.7, 0.7, 0.7, 0.7, 0.7],
      "open_after_reaching": false
    },
    "17": {
      "pos": [[0.051, 0.602, -0.16, 0.0]],
      "hand": [0.7, 0.7, 0.7, 0.7, 0.7, 0.7],
      "open_after_reaching": false
    },
    "18": {
      "pos": [[0.051, 0.611, -0.428, 0.0]],
      "hand": [0.7, 0.7, 0.7, 0.7, 0.7, 0.7],
      "open_after_reaching": false
    },
    "19": {
      "pos": [[0.051, 0.611, -0.713, 0.0]],
      "hand": [0.7, 0.7, 0.7, 0.7, 0.7, 0.7],
      "open_after_reaching": false
    }
  },
  "blue": {
    "0": {
      "pos": [[0.0, 0.0, 0.0, 0.0]],
      "hand": [1.0, 1.0, 1.0, 1.0, 1.0, 1.0],
      "open_after_reaching": false
    },
    "1": {
      "pos": [[0.136, -0.717, 0.382, 0.0]],
      "hand": [1.0, 1.0, 1.0, 1.0, 1.0, 0.3],
      "open_after_reaching": true
    },
    "2": {
      "pos": [[0.41, -0.531, 0.583, 0.0]],
      "hand": [1.0, 1.0, 1.0, 1.0, 0.3, 1.0],
      "open_after_reaching": true
    },
    "3": {
      "pos": [[0.41, -0.361, 0.626, 0.0]],
      "hand": [1.0, 1.0, 0.5, 1.0, 1.0, 1.0],
      "open_after_reaching": true
    },
    "4": {
      "pos": [[0.415, -0.178, 0.653, 0.0]],
      "hand": [0.5, 1.0, 1.0, 0.5, 1.0, 1.0],
      "open_after_reaching": true
    },
    "5": {
      "pos": [[0.174, -0.025, 0.655, 0.0]],
      "hand": [1.0, 0.5, 1.0, 1.0, 1.0, 1.0],
      "open_after_reaching": true
    },
    "6": {
      "pos": [[0.145, 0.16, 0.546, 0.0]],
      "hand": [0.3, 1.0, 1.0, 1.0, 1.0, 0.3],
      "open_after_reaching": true
    },
    "7": {
      "pos": [[0.145, 0.33, 0.55, 0.0]],
      "hand": [1.0, 1.0, 0.3, 1.0, 1.0, 1.0],
      "open_after_reaching": true
    },
    "8": {
      "pos": [[0.46, 0.5, 0.565, 0.0]],
      "hand": [1.0, 0.5, 1.0, 1.0, 0.5, 1.0],
      "open_after_reaching": true
    },
    "9": {
      "pos": [[0.344, 0.66, 0.514, 0.0]],
      "hand": [1.0, 1.0, 1.0, 0.5, 1.0, 1.0],
      "open_after_reaching": true
    },
    "10": {
      "pos": [[0.177, 0.835, 0.535, 0.0]],
      "hand": [0.5, 1.0, 1.0, 1.0, 1.0, 0.5],
      "open_after_reaching": true
    },
    "11": {
      "pos": [[0.177, 0.978, 0.582, 0.0]],
      "hand": [1.0, 1.0, 0.5, 1.0, 1.0, 1.0],
      "open_after_reaching": true
    },
    "12": {
      "pos": [
        [-0.004, -0.386, 0.962, 0.0],
        [1.01, -0.315, 0.973, 0.0]
      ],
      "hand": [0.0, 0.0, 0.0, 0.0, 0.0, 0.0],
      "open_after_reaching": true
    },
    "13": {
      "pos": [
        [-0.02, 0.367, 0.958, 0.0],
        [1.017, 0.367, 0.958, 0.0]
      ],
      "hand": [0.0, 0.0, 0.0, 0.0, 0.0, 0.0],
      "open_after_reaching": true
    },
    "14": {
      "pos": [[-0.025, -0.926, -0.184, 0.0]],
      "hand": [0.7, 0.7, 0.7, 0.7, 0.7, 0.7],
      "open_after_reaching": false
    },
    "15": {
      "pos": [[0.0, -0.958, -0.542, 0.0]],
      "hand": [0.7, 0.7, 0.7, 0.7, 0.7, 0.7],
      "open_after_reaching": false
    },
    "16": {
      "pos": [[0.0, -0.949, -0.883, 0.0]],
      "hand": [0.7, 0.7, 0.7, 0.7, 0.7, 0.7],
      "open_after_reaching": false
    },
    "17": {
      "pos": [[0.051, -0.602, -0.16, 0.0]],
      "hand": [0.7, 0.7, 0.7, 0.7, 0.7, 0.7],
      "open_after_reaching": false
    },
    "18": {
      "pos": [[0.051, -0.611, -0.428, 0.0]],
      "hand": [0.7, 0.7, 0.7, 0.7, 0.7, 0.7],
      "open_after_reaching": false
    },
    "19": {
      "pos": [[0.051, -0.611, -0.713, 0.0]],
      "hand": [0.7, 0.7, 0.7, 0.7, 0.7, 0.7],
      "open_after_reaching": false
    }
  }
}
